Order-Id,Item-id,Product-Id,Quantity,Sales-Id,Customer-Id,Sales-Price-Per-Prod,Market-Segment
0,0,17,26,5,17,199,pharmaceutical
1,1,15,0,9,27,206,retail
2,2,17,13,1,28,198,software
3,3,11,12,3,8,129,realestate
4,4,10,4,5,7,124,pharmaceutical
5,5,0,28,7,25,121,pharmaceutical
6,6,7,17,8,0,130,pharmaceutical
7,7,10,29,5,29,99,education
8,8,2,10,4,3,212,financial
9,9,15,11,1,25,178,retail
10,10,2,19,2,19,215,realestate
11,11,12,14,7,28,107,education
12,12,2,3,8,14,206,education
13,13,15,23,3,15,205,financial
14,14,3,29,9,1,208,retail
15,15,15,19,3,14,192,realestate
16,16,2,9,8,5,215,education
17,17,15,5,4,22,182,realestate
18,18,18,19,6,9,80,pharmaceutical
19,19,16,28,4,9,155,retail
20,20,16,11,8,10,146,pharmaceutical
21,21,18,3,9,21,99,pharmaceutical
22,22,3,11,8,26,209,retail
23,23,4,4,7,17,163,software
24,24,3,11,8,0,172,software
25,25,0,11,5,13,121,pharmaceutical
26,26,12,8,4,24,79,pharmaceutical
27,27,2,17,2,6,204,retail
28,28,0,23,3,25,123,financial
29,29,4,1,4,24,153,retail
30,30,6,22,2,23,55,financial
31,31,15,22,1,9,209,education
32,32,18,10,8,9,79,financial
33,33,4,0,8,4,132,retail
34,34,9,20,4,0,57,education
35,35,9,23,6,19,76,realestate
36,36,2,10,5,1,219,retail
37,37,0,16,6,29,123,education
38,38,10,20,1,15,120,financial
39,39,0,29,4,25,123,software
40,40,2,25,5,19,210,realestate
41,41,5,0,5,5,97,realestate
42,42,0,8,9,26,123,financial
43,43,6,8,6,9,70,realestate
44,44,15,22,4,4,179,pharmaceutical
45,45,6,7,7,29,50,realestate
46,46,2,21,0,17,214,software
47,47,18,26,9,29,71,financial
48,48,6,10,3,13,79,pharmaceutical
49,49,6,25,7,13,55,retail
50,50,16,26,0,14,162,pharmaceutical
51,51,13,22,8,19,127,retail
52,52,19,7,1,4,91,education
53,53,1,0,9,25,203,software
54,54,9,9,7,11,103,realestate
55,55,10,21,4,29,129,pharmaceutical
56,56,16,9,4,12,146,education
57,57,3,21,3,11,193,pharmaceutical
58,58,14,0,6,23,187,retail
59,59,16,27,3,28,150,software
60,60,9,23,2,9,45,financial
61,61,3,18,0,27,185,retail
62,62,6,9,8,27,77,education
63,63,6,5,0,22,49,software
64,64,10,13,4,29,111,software
65,65,0,27,3,21,123,financial
66,66,17,4,8,4,195,financial
67,67,19,14,2,2,106,financial
68,68,16,20,8,22,151,realestate
69,69,4,20,6,7,177,software
70,70,4,27,8,26,143,education
71,71,15,12,7,24,211,retail
72,72,9,5,5,21,54,software
73,73,7,27,0,8,132,software
74,74,10,7,0,19,113,education
75,75,14,13,5,20,190,retail
76,76,14,2,2,14,181,retail
77,77,18,22,8,16,101,realestate
78,78,1,10,4,6,226,education
79,79,19,3,0,19,102,realestate
80,80,18,27,8,28,91,pharmaceutical
81,81,17,17,8,19,205,education
82,82,16,18,8,18,147,retail
83,83,13,3,7,14,109,retail
84,84,12,7,5,19,87,financial
85,85,14,19,7,9,196,retail
86,86,9,28,6,22,68,education
87,87,15,23,9,11,183,financial
88,88,15,9,5,1,189,realestate
89,89,13,19,8,26,101,financial
90,90,7,4,4,26,119,education
91,91,14,11,7,10,194,financial
92,92,18,9,9,24,85,financial
93,93,13,18,6,21,93,software
94,94,9,27,7,16,88,software
95,95,9,9,0,18,52,education
96,96,12,15,1,25,81,retail
97,97,4,5,7,7,169,realestate
98,98,10,9,2,12,94,realestate
99,99,1,1,8,16,216,pharmaceutical
100,100,14,21,1,23,196,software
101,101,19,15,4,4,72,pharmaceutical
102,102,5,14,4,29,108,pharmaceutical
103,103,7,28,0,5,130,pharmaceutical
104,104,16,6,1,23,154,education
105,105,17,24,8,13,195,financial
106,106,19,3,7,3,113,education
107,107,3,2,4,0,195,realestate
108,108,14,3,7,27,185,financial
109,109,11,1,6,18,101,financial
110,110,16,3,1,27,153,financial
111,111,9,4,6,27,89,retail
112,112,7,26,4,0,119,pharmaceutical
113,113,10,9,4,22,144,pharmaceutical
114,114,19,10,5,13,116,financial
115,115,11,12,0,19,136,software
116,116,8,2,4,26,161,pharmaceutical
117,117,13,23,8,7,141,realestate
118,118,5,6,8,22,118,education
119,119,7,6,3,7,167,realestate
120,120,19,17,9,27,110,software
121,121,0,13,3,10,119,pharmaceutical
122,122,8,23,2,8,174,education
123,123,15,2,6,12,204,pharmaceutical
124,124,11,17,0,24,102,realestate
125,125,14,12,8,20,196,realestate
126,126,1,1,2,22,196,pharmaceutical
127,127,8,27,7,7,117,education
128,128,0,22,1,10,122,retail
129,129,19,17,0,26,90,realestate
130,130,12,12,1,18,100,software
131,131,19,25,4,10,111,pharmaceutical
132,132,9,2,9,29,75,retail
133,133,14,25,4,13,195,realestate
134,134,2,4,0,0,210,education
135,135,7,25,4,26,125,financial
136,136,14,11,7,9,185,pharmaceutical
137,137,19,25,6,20,98,pharmaceutical
138,138,4,10,0,7,184,financial
139,139,1,18,3,9,164,realestate
140,140,4,27,4,20,192,financial
141,141,5,27,8,9,98,retail
142,142,11,1,6,26,98,education
143,143,6,22,7,5,41,realestate
144,144,12,22,7,23,88,software
145,145,4,11,4,3,155,pharmaceutical
146,146,16,5,9,21,153,retail
147,147,11,27,4,5,112,software
148,148,3,1,8,20,211,retail
149,149,1,9,3,3,187,pharmaceutical
150,150,18,9,6,17,101,financial
151,151,1,9,6,28,204,financial
152,152,12,23,9,7,82,retail
153,153,14,27,7,3,198,realestate
154,154,0,23,5,26,123,education
155,155,0,24,1,22,121,realestate
156,156,4,19,9,13,177,pharmaceutical
157,157,5,12,8,14,108,financial
158,158,16,20,6,1,156,education
159,159,11,21,7,23,136,pharmaceutical
160,160,15,9,5,20,206,retail
161,161,13,12,1,9,89,retail
162,162,14,19,0,8,189,financial
163,163,11,27,1,5,122,realestate
164,164,9,23,2,17,83,retail
165,165,13,13,6,14,104,pharmaceutical
166,166,13,8,4,11,142,pharmaceutical
167,167,5,8,9,10,139,software
168,168,3,28,2,19,195,software
169,169,5,24,2,26,104,financial
170,170,12,0,2,23,100,education
171,171,9,29,5,10,73,education
172,172,9,25,1,8,57,financial
173,173,15,9,8,22,182,retail
174,174,2,14,0,13,206,education
175,175,17,2,3,18,184,pharmaceutical
176,176,5,27,9,29,92,retail
177,177,3,17,0,12,199,software
178,178,12,13,2,19,90,education
179,179,2,21,3,25,205,financial
180,180,5,4,2,28,107,pharmaceutical
181,181,19,22,7,26,92,pharmaceutical
182,182,0,12,3,15,123,realestate
183,183,7,9,4,12,138,retail
184,184,18,22,6,19,94,pharmaceutical
185,185,10,17,3,7,99,software
186,186,11,12,5,16,115,education
187,187,16,25,9,13,150,realestate
188,188,8,6,5,22,119,pharmaceutical
189,189,7,29,2,20,129,retail
190,190,17,5,7,2,203,software
191,191,6,14,1,20,39,education
192,192,16,11,7,6,155,retail
193,193,10,10,7,7,150,financial
194,194,16,22,2,7,154,software
195,195,18,21,8,18,78,retail
196,196,5,17,3,4,112,software
197,197,15,8,1,21,214,pharmaceutical
198,198,3,27,7,4,208,financial
199,199,8,4,7,25,176,education
200,200,8,11,4,16,134,realestate
201,201,0,15,9,6,120,software
202,202,13,9,2,26,138,education
203,203,10,29,8,19,152,financial
204,204,2,19,9,12,213,pharmaceutical
205,205,10,12,4,5,141,realestate
206,206,10,21,5,23,122,retail
207,207,9,8,4,4,95,realestate
208,208,14,17,3,28,195,pharmaceutical
209,209,15,21,0,27,190,retail
210,210,10,12,7,13,92,financial
211,211,11,27,6,26,101,financial
212,212,5,9,5,15,98,pharmaceutical
213,213,18,25,8,7,62,software
214,214,12,21,5,5,99,realestate
215,215,7,26,7,10,147,retail
216,216,6,9,5,16,84,realestate
217,217,12,17,1,8,92,retail
218,218,10,10,6,6,149,education
219,219,15,23,8,7,214,realestate
220,220,17,10,0,2,201,education
221,221,19,22,8,10,116,retail
222,222,11,13,3,22,110,retail
223,223,9,18,7,2,105,retail
224,224,7,25,8,16,144,software
225,225,10,18,7,4,94,software
226,226,4,14,6,1,160,education
227,227,14,21,9,11,186,education
228,228,3,23,8,26,191,financial
229,229,17,13,7,29,185,realestate
230,230,9,26,1,17,57,software
231,231,19,9,0,2,99,software
232,232,4,11,6,0,170,realestate
233,233,19,12,2,22,113,education
234,234,11,11,8,13,107,education
235,235,13,21,2,15,89,financial
236,236,2,3,2,8,216,realestate
237,237,17,3,3,28,199,financial
238,238,1,15,4,14,178,pharmaceutical
239,239,11,12,8,25,95,realestate
240,240,12,27,0,9,91,realestate
241,241,16,20,5,14,159,financial
242,242,11,21,4,5,106,realestate
243,243,19,11,2,29,117,retail
244,244,0,12,7,20,119,education
245,245,16,21,3,18,157,retail
246,246,4,19,4,25,189,financial
247,247,7,20,9,15,137,realestate
248,248,7,11,1,28,159,pharmaceutical
249,249,16,5,8,6,162,pharmaceutical
250,250,17,15,3,16,191,software
251,251,18,3,9,20,52,pharmaceutical
252,252,13,5,3,17,130,pharmaceutical
253,253,15,22,3,27,182,realestate
254,254,8,22,7,8,160,financial
255,255,12,25,5,11,86,software
256,256,8,0,6,1,184,education
257,257,10,25,8,15,90,retail
258,258,7,13,1,18,156,realestate
259,259,2,24,1,5,205,realestate
260,260,5,7,7,12,113,pharmaceutical
261,261,11,28,1,12,125,realestate
262,262,5,21,1,24,121,retail
263,263,15,19,8,23,208,retail
264,264,3,27,0,25,176,education
265,265,17,3,8,14,190,retail
266,266,15,8,8,16,208,financial
267,267,1,8,1,4,181,pharmaceutical
268,268,12,9,7,1,108,education
269,269,13,5,9,28,133,financial
270,270,12,1,5,8,85,realestate
271,271,16,2,1,29,161,retail
272,272,18,24,0,22,72,financial
273,273,11,10,3,19,107,pharmaceutical
274,274,15,0,5,6,198,education
275,275,13,15,1,29,91,education
276,276,18,20,9,18,70,realestate
277,277,19,17,8,1,73,pharmaceutical
278,278,2,15,8,1,210,realestate
279,279,5,23,5,19,111,pharmaceutical
280,280,9,14,1,1,79,realestate
281,281,3,15,2,24,208,retail
282,282,19,15,3,10,114,software
283,283,12,6,9,2,103,realestate
284,284,9,6,0,13,91,financial
285,285,5,15,7,8,134,education
286,286,11,9,2,16,113,retail
287,287,7,16,0,13,135,pharmaceutical
288,288,16,26,4,16,152,education
289,289,8,9,7,4,127,education
290,290,16,28,2,23,153,realestate
291,291,15,25,1,11,189,pharmaceutical
292,292,0,5,2,11,119,financial
293,293,4,10,8,8,187,software
294,294,8,5,4,12,141,retail
295,295,9,19,8,18,53,retail
296,296,9,26,9,29,65,education
297,297,8,7,0,9,142,pharmaceutical
298,298,8,4,5,27,155,realestate
299,299,10,26,2,25,105,education
300,300,3,16,6,22,187,pharmaceutical
301,301,6,7,0,4,60,financial
302,302,3,22,0,17,184,financial
303,303,2,17,8,20,215,pharmaceutical
304,304,13,20,5,17,89,pharmaceutical
305,305,6,28,5,10,76,software
306,306,5,7,9,8,126,financial
307,307,17,4,4,5,191,realestate
308,308,11,12,8,1,128,education
309,309,11,8,3,5,116,software
310,310,16,14,8,1,155,software
311,311,14,26,9,18,195,financial
312,312,5,1,0,1,133,retail
313,313,7,1,5,12,137,education
314,314,9,15,6,2,70,realestate
315,315,18,15,7,19,98,retail
316,316,8,17,0,10,191,software
317,317,9,19,7,10,80,software
318,318,8,0,6,27,138,software
319,319,9,20,6,12,60,software
320,320,14,2,8,20,184,financial
321,321,10,26,0,29,101,realestate
322,322,8,8,8,0,119,financial
323,323,0,6,1,26,119,retail
324,324,7,3,1,27,150,retail
325,325,5,21,1,9,132,education
326,326,3,25,4,25,178,retail
327,327,11,16,1,17,115,financial
328,328,11,29,3,24,104,education
329,329,15,21,8,20,201,pharmaceutical
330,330,15,4,7,19,185,education
331,331,5,6,8,20,126,retail
332,332,4,26,0,3,164,retail
333,333,7,13,6,26,128,realestate
334,334,3,26,7,1,172,realestate
335,335,10,20,3,8,147,financial
336,336,3,2,2,24,206,financial
337,337,19,15,2,20,117,education
338,338,1,2,1,21,210,education
339,339,0,1,6,8,122,pharmaceutical
340,340,7,11,6,28,136,realestate
341,341,13,0,4,5,142,software
342,342,11,21,4,22,108,pharmaceutical
343,343,19,8,3,2,87,pharmaceutical
344,344,18,7,4,15,65,realestate
345,345,6,12,3,15,46,education
346,346,18,7,8,6,54,financial
347,347,19,18,1,12,91,software
348,348,16,22,1,23,157,retail
349,349,13,27,8,4,107,pharmaceutical
350,350,7,13,9,28,133,software
351,351,0,17,9,18,120,financial
352,352,6,23,5,12,40,financial
353,353,19,29,8,16,106,realestate
354,354,6,6,9,11,38,financial
355,355,10,20,8,22,91,realestate
356,356,4,21,9,25,184,retail
357,357,13,26,7,7,96,pharmaceutical
358,358,16,24,9,3,147,pharmaceutical
359,359,2,18,9,14,202,software
360,360,4,0,5,7,133,realestate
361,361,15,7,9,3,196,pharmaceutical
362,362,12,10,4,27,85,software
363,363,13,5,2,2,115,retail
364,364,15,27,3,25,186,software
365,365,9,0,7,4,52,software
366,366,2,26,2,2,199,pharmaceutical
367,367,0,11,5,11,119,financial
368,368,2,13,4,7,203,pharmaceutical
369,369,1,23,8,20,218,financial
370,370,16,15,3,6,156,education
371,371,9,24,1,7,48,retail
372,372,1,11,4,6,181,retail
373,373,17,28,9,5,204,realestate
374,374,8,14,9,21,190,software
375,375,10,1,4,4,116,software
376,376,4,28,0,23,151,education
377,377,7,27,8,14,129,financial
378,378,7,29,4,29,153,pharmaceutical
379,379,7,5,4,13,122,retail
380,380,3,28,7,1,194,software
381,381,10,24,7,29,114,realestate
382,382,12,12,6,17,109,pharmaceutical
383,383,10,17,8,11,105,financial
384,384,1,21,4,20,177,software
385,385,7,13,7,29,120,software
386,386,19,19,9,11,79,software
387,387,15,2,7,12,208,software
388,388,1,24,0,23,167,pharmaceutical
389,389,9,20,8,19,77,software
390,390,13,3,0,11,95,software
391,391,14,21,0,11,194,financial
392,392,16,11,6,24,149,realestate
393,393,2,10,0,3,205,education
394,394,2,12,3,26,217,education
395,395,15,29,0,25,188,software
396,396,11,2,9,28,97,retail
397,397,8,10,1,19,145,software
398,398,2,6,7,18,212,education
399,399,0,4,6,17,123,software
400,400,5,26,2,11,120,pharmaceutical
401,401,0,1,2,27,123,financial
402,402,2,16,5,19,204,financial
403,403,9,24,4,15,54,financial
404,404,10,28,2,2,101,realestate
405,405,7,20,3,5,167,software
406,406,14,12,1,13,188,financial
407,407,0,11,6,23,122,software
408,408,19,25,4,12,94,financial
409,409,10,22,9,7,139,realestate
410,410,19,17,2,11,101,financial
411,411,11,13,6,16,97,pharmaceutical
412,412,10,13,4,26,139,realestate
413,413,3,11,9,15,204,retail
414,414,3,3,2,11,207,education
415,415,0,21,3,3,122,financial
416,416,14,17,2,13,192,financial
417,417,2,28,3,18,200,retail
418,418,14,7,1,6,181,education
419,419,18,12,6,4,84,software
420,420,7,17,1,9,135,education
421,421,17,26,3,18,185,pharmaceutical
422,422,8,24,2,6,133,education
423,423,3,3,2,2,197,education
424,424,4,21,1,29,162,software
425,425,14,25,8,29,182,software
426,426,14,5,1,1,179,realestate
427,427,6,26,5,20,75,software
428,428,1,9,8,22,229,software
429,429,4,24,6,13,165,realestate
430,430,17,10,0,27,184,education
431,431,13,2,0,7,90,financial
432,432,17,6,6,26,193,pharmaceutical
433,433,16,5,2,15,152,pharmaceutical
434,434,14,21,0,14,188,education
435,435,19,16,8,21,107,retail
436,436,18,24,8,5,103,education
437,437,14,11,0,17,196,software
438,438,12,4,1,22,100,financial
439,439,4,26,6,20,184,pharmaceutical
440,440,0,5,5,0,123,retail
441,441,15,24,2,12,185,education
442,442,7,15,8,25,133,realestate
443,443,11,27,0,22,93,education
444,444,13,9,8,18,90,software
445,445,14,3,0,6,198,software
446,446,3,29,6,9,188,retail
447,447,11,21,2,26,91,retail
448,448,13,10,8,1,140,retail
449,449,4,28,2,22,135,pharmaceutical
450,450,5,5,7,24,140,retail
451,451,1,1,0,11,165,education
452,452,6,14,5,18,77,retail
453,453,1,1,6,25,178,education
454,454,11,14,9,11,137,pharmaceutical
455,455,13,19,1,23,143,financial
456,456,2,25,1,0,214,pharmaceutical
457,457,2,10,2,23,202,education
458,458,11,24,8,7,93,pharmaceutical
459,459,10,5,8,28,131,financial
460,460,10,13,4,27,92,financial
461,461,12,8,1,21,91,software
462,462,8,22,1,25,156,pharmaceutical
463,463,17,12,8,3,201,retail
464,464,9,25,9,22,102,retail
465,465,14,17,3,26,184,education
466,466,0,21,8,29,121,realestate
467,467,7,20,5,23,120,pharmaceutical
468,468,1,16,5,17,195,retail
469,469,11,21,6,14,127,education
470,470,16,2,0,21,153,software
471,471,0,11,4,6,120,retail
472,472,10,23,5,27,114,retail
473,473,18,21,8,8,96,realestate
474,474,3,10,9,11,194,education
475,475,17,0,7,2,196,retail
476,476,11,25,5,18,96,financial
477,477,0,22,7,13,120,retail
478,478,18,12,2,17,57,financial
479,479,1,8,2,27,224,financial
480,480,14,4,3,2,193,financial
481,481,10,7,7,14,152,software
482,482,0,1,5,26,120,software
483,483,16,9,4,24,146,pharmaceutical
484,484,18,20,6,11,90,financial
485,485,12,19,9,27,91,software
486,486,13,1,8,2,132,pharmaceutical
487,487,19,10,8,28,87,financial
488,488,5,16,5,9,133,education
489,489,1,14,2,5,226,pharmaceutical
490,490,1,21,2,29,199,pharmaceutical
491,491,12,23,9,28,84,financial
492,492,0,28,9,9,123,financial
493,493,0,1,6,28,120,pharmaceutical
494,494,0,8,0,24,122,software
495,495,15,8,9,0,191,retail
496,496,5,11,9,17,95,software
497,497,0,27,9,1,121,retail
498,498,10,18,5,13,138,retail
499,499,14,2,0,0,190,financial
500,500,18,28,3,19,62,pharmaceutical
501,501,9,3,1,27,94,retail
502,502,16,11,4,29,160,education
503,503,15,21,4,25,199,financial
504,504,9,15,9,0,53,financial
505,505,16,15,6,4,154,financial
506,506,5,26,6,9,111,software
507,507,3,6,1,2,167,pharmaceutical
508,508,13,27,5,22,123,software
509,509,17,16,2,13,203,education
510,510,15,3,6,14,198,education
511,511,11,12,1,22,139,retail
512,512,2,28,2,10,210,software
513,513,14,26,0,5,187,education
514,514,12,27,7,18,100,retail
515,515,7,12,3,10,130,retail
516,516,14,22,4,12,179,software
517,517,7,24,2,6,123,realestate
518,518,13,19,5,8,126,financial
519,519,19,6,0,29,72,pharmaceutical
520,520,2,23,8,7,204,realestate
521,521,14,29,9,8,180,retail
522,522,14,17,8,27,186,pharmaceutical
523,523,19,12,4,13,113,realestate
524,524,11,2,3,29,136,education
525,525,10,5,5,23,113,retail
526,526,12,23,2,2,88,software
527,527,14,24,6,20,185,education
528,528,5,13,2,27,98,realestate
529,529,8,25,8,6,190,retail
530,530,13,24,9,0,126,pharmaceutical
531,531,3,11,6,22,209,pharmaceutical
532,532,3,18,7,14,176,education
533,533,1,28,3,28,217,retail
534,534,6,17,8,12,62,software
535,535,12,22,2,5,109,financial
536,536,18,29,7,9,74,pharmaceutical
537,537,11,5,6,25,91,financial
538,538,16,19,7,13,148,retail
539,539,5,27,0,3,96,software
540,540,15,23,2,15,213,software
541,541,4,8,3,2,171,education
542,542,15,11,9,25,200,pharmaceutical
543,543,5,29,7,6,105,software
544,544,4,7,8,7,169,pharmaceutical
545,545,6,7,9,11,75,financial
546,546,16,7,0,2,162,retail
547,547,19,4,3,12,107,realestate
548,548,11,7,3,3,112,retail
549,549,17,25,8,14,203,financial
550,550,17,20,3,0,198,software
551,551,4,13,4,6,141,realestate
552,552,7,26,5,6,156,financial
553,553,18,9,4,25,88,realestate
554,554,7,26,6,3,159,financial
555,555,4,2,2,4,188,retail
556,556,13,17,6,17,123,retail
557,557,12,14,0,9,96,software
558,558,7,3,7,9,150,software
559,559,11,13,2,18,101,software
560,560,14,10,3,22,180,financial
561,561,13,4,5,16,145,software
562,562,15,16,4,10,219,education
563,563,19,0,0,16,83,financial
564,564,14,23,5,25,182,software
565,565,7,5,5,21,165,retail
566,566,9,5,4,17,43,education
567,567,5,9,2,6,116,software
568,568,3,4,0,20,180,education
569,569,13,21,5,13,119,education
570,570,18,21,6,15,70,pharmaceutical
571,571,2,20,8,27,204,financial
572,572,1,17,8,0,205,software
573,573,10,27,9,24,122,pharmaceutical
574,574,12,12,6,6,81,pharmaceutical
575,575,19,12,9,21,90,software
576,576,0,9,4,28,119,retail
577,577,13,1,2,22,101,software
578,578,5,23,7,22,136,retail
579,579,0,15,1,15,123,pharmaceutical
580,580,1,21,4,20,202,financial
581,581,15,10,9,18,211,realestate
582,582,16,20,7,8,156,financial
583,583,13,25,2,7,117,financial
584,584,11,26,5,11,132,pharmaceutical
585,585,14,16,6,20,188,software
586,586,18,19,6,12,59,financial
587,587,14,6,3,8,186,software
588,588,12,15,0,28,96,realestate
589,589,2,17,7,19,214,financial
590,590,19,15,8,5,77,financial
591,591,19,15,4,12,93,financial
592,592,14,7,0,23,190,financial
593,593,19,2,4,6,104,financial
594,594,8,16,2,0,143,realestate
595,595,13,13,4,4,114,retail
596,596,19,29,1,1,87,pharmaceutical
597,597,11,16,7,19,131,realestate
598,598,16,19,8,1,150,pharmaceutical
599,599,8,20,3,5,146,pharmaceutical
600,600,10,12,2,21,145,software
601,601,5,8,5,16,104,software
602,602,19,20,6,21,91,realestate
603,603,18,24,5,6,64,software
604,604,7,16,1,5,136,software
605,605,2,8,2,7,204,realestate
606,606,11,27,7,16,94,retail
607,607,0,29,7,0,123,financial
608,608,7,5,4,17,137,software
609,609,7,26,5,14,156,pharmaceutical
610,610,15,18,0,13,212,education
611,611,4,17,2,26,179,software
612,612,8,18,6,0,155,pharmaceutical
613,613,17,15,8,0,190,financial
614,614,13,16,1,11,146,realestate
615,615,7,27,2,23,139,education
616,616,18,20,4,15,85,financial
617,617,15,18,2,4,186,pharmaceutical
618,618,7,28,1,2,127,realestate
619,619,2,17,3,21,202,pharmaceutical
620,620,9,5,9,13,67,realestate
621,621,10,11,9,14,93,financial
622,622,2,22,8,2,204,software
623,623,12,6,3,7,85,education
624,624,0,7,9,12,122,retail
625,625,2,28,9,10,210,retail
626,626,16,10,3,18,157,education
627,627,18,16,6,11,65,retail
628,628,12,6,1,24,109,software
629,629,12,1,9,26,99,financial
630,630,17,23,1,10,186,realestate
631,631,19,1,2,29,80,financial
632,632,11,19,8,4,116,financial
633,633,11,26,0,23,138,software
634,634,0,19,5,9,120,retail
635,635,6,19,7,15,77,retail
636,636,12,24,5,15,80,retail
637,637,5,9,5,14,103,education
638,638,0,0,4,10,119,financial
639,639,18,1,3,1,101,retail
640,640,16,6,3,22,162,realestate
641,641,9,15,1,2,65,pharmaceutical
642,642,9,16,0,26,95,education
643,643,17,9,4,29,189,retail
644,644,11,16,0,6,133,financial
645,645,11,5,6,24,110,financial
646,646,18,28,0,12,78,software
647,647,3,26,6,4,165,education
648,648,4,26,1,7,183,financial
649,649,7,11,2,7,140,pharmaceutical
650,650,10,8,8,20,89,retail
651,651,11,9,4,13,119,retail
652,652,8,29,8,15,198,realestate
653,653,2,7,0,21,204,financial
654,654,14,21,1,27,199,retail
655,655,3,17,8,6,165,software
656,656,9,16,7,27,68,education
657,657,11,13,4,19,135,software
658,658,5,14,5,4,96,realestate
659,659,8,26,8,2,153,software
660,660,15,25,5,17,207,education
661,661,7,23,9,16,161,retail
662,662,3,14,2,29,214,software
663,663,12,29,3,18,79,software
664,664,12,1,5,5,99,pharmaceutical
665,665,16,5,1,7,157,pharmaceutical
666,666,1,16,4,0,219,software
667,667,9,11,2,21,94,financial
668,668,2,19,7,3,205,financial
669,669,19,17,4,8,102,pharmaceutical
670,670,19,25,1,3,91,pharmaceutical
671,671,0,11,3,23,119,pharmaceutical
672,672,3,11,7,9,182,realestate
673,673,13,28,6,7,139,realestate
674,674,3,25,7,28,172,education
675,675,15,24,2,11,187,software
676,676,11,12,7,26,128,software
677,677,16,4,8,3,161,realestate
678,678,18,5,8,10,98,education
679,679,19,12,3,23,81,education
680,680,6,18,4,10,72,pharmaceutical
681,681,8,27,1,25,173,software
682,682,9,8,3,20,70,retail
683,683,13,9,4,27,112,financial
684,684,12,18,3,23,102,pharmaceutical
685,685,14,24,8,9,193,realestate
686,686,10,25,3,26,136,pharmaceutical
687,687,8,20,4,9,204,retail
688,688,7,25,9,28,167,education
689,689,12,11,3,5,96,education
690,690,14,28,2,19,197,software
691,691,14,18,5,26,197,retail
692,692,18,26,7,17,95,realestate
693,693,11,7,1,28,99,financial
694,694,14,12,8,29,188,pharmaceutical
695,695,16,26,8,19,147,realestate
696,696,15,29,8,8,216,financial
697,697,18,1,3,14,97,financial
698,698,1,14,3,21,232,software
699,699,7,17,8,5,127,retail
700,700,19,0,7,24,78,software
701,701,8,2,1,3,185,software
702,702,0,25,2,27,119,realestate
703,703,5,2,8,5,111,financial
704,704,12,6,9,14,106,retail
705,705,1,27,1,18,181,retail
706,706,7,21,7,1,133,retail
707,707,1,14,3,20,197,retail
708,708,9,0,7,2,81,retail
709,709,17,11,3,11,189,retail
710,710,17,6,9,1,195,software
711,711,12,13,6,14,90,pharmaceutical
712,712,11,29,6,10,117,retail
713,713,1,18,1,6,170,software
714,714,7,14,8,10,136,education
715,715,9,22,6,25,50,software
716,716,19,14,9,27,111,software
717,717,4,1,5,2,149,pharmaceutical
718,718,9,8,7,11,44,pharmaceutical
719,719,7,14,9,16,163,pharmaceutical
720,720,5,5,8,15,125,retail
721,721,11,26,9,0,133,software
722,722,1,24,2,1,194,education
723,723,5,12,1,0,114,pharmaceutical
724,724,11,27,2,15,122,financial
725,725,13,1,8,15,138,retail
726,726,10,20,3,14,117,education
727,727,19,17,7,16,109,realestate
728,728,0,12,4,26,123,software
729,729,7,24,6,18,159,financial
730,730,1,2,6,0,236,pharmaceutical
731,731,5,12,1,26,115,software
732,732,19,25,6,7,114,education
733,733,7,13,8,29,159,pharmaceutical
734,734,15,15,7,28,188,realestate
735,735,14,29,8,11,189,realestate
736,736,4,1,1,12,174,realestate
737,737,15,26,5,14,188,pharmaceutical
738,738,14,10,9,19,180,financial
739,739,3,13,1,13,174,financial
740,740,18,8,2,15,98,realestate
741,741,5,16,3,6,111,education
742,742,7,8,1,9,158,financial
743,743,18,14,8,18,80,financial
744,744,3,1,5,12,183,realestate
745,745,14,18,8,10,182,software
746,746,18,20,0,17,88,pharmaceutical
747,747,6,14,0,29,42,realestate
748,748,11,15,2,16,94,pharmaceutical
749,749,18,25,6,9,90,retail
750,750,9,27,0,25,77,realestate
751,751,4,16,3,25,146,education
752,752,15,24,3,17,207,retail
753,753,15,20,2,9,204,education
754,754,6,4,5,8,57,software
755,755,12,9,8,29,100,retail
756,756,18,27,2,6,89,realestate
757,757,1,27,8,29,156,financial
758,758,19,8,3,3,112,pharmaceutical
759,759,9,1,8,15,93,pharmaceutical
760,760,13,9,2,11,95,financial
761,761,5,0,0,7,122,education
762,762,16,7,8,15,162,software
763,763,3,18,7,27,175,retail
764,764,4,12,0,9,182,realestate
765,765,1,26,2,21,214,pharmaceutical
766,766,5,15,7,24,134,pharmaceutical
767,767,16,25,3,3,160,software
768,768,2,14,2,21,202,financial
769,769,5,13,9,14,134,software
770,770,18,27,4,6,54,education
771,771,10,6,5,0,109,education
772,772,17,5,2,11,188,retail
773,773,13,9,1,4,139,pharmaceutical
774,774,8,19,0,27,153,education
775,775,17,28,7,11,184,pharmaceutical
776,776,15,8,2,22,192,software
777,777,4,15,6,25,158,financial
778,778,6,4,3,25,62,financial
779,779,12,20,0,16,95,software
780,780,9,28,9,19,77,education
781,781,0,28,9,4,123,software
782,782,13,7,4,29,110,financial
783,783,3,12,2,11,189,pharmaceutical
784,784,14,13,3,26,179,pharmaceutical
785,785,16,22,5,15,151,financial
786,786,2,0,0,11,217,software
787,787,0,20,7,10,119,realestate
788,788,5,14,2,2,118,retail
789,789,6,10,2,16,84,pharmaceutical
790,790,12,3,4,23,90,realestate
791,791,14,29,2,26,198,education
792,792,4,14,1,11,193,pharmaceutical
793,793,6,28,7,15,52,education
794,794,11,3,8,1,110,education
795,795,15,10,1,21,218,pharmaceutical
796,796,8,10,6,13,154,pharmaceutical
797,797,13,8,3,12,109,software
798,798,0,14,3,28,119,software
799,799,9,0,2,3,63,financial
800,800,14,28,8,21,186,education
801,801,2,16,0,27,219,financial
802,802,3,0,4,9,216,financial
803,803,5,28,0,28,119,financial
804,804,8,11,6,14,127,software
805,805,5,1,3,21,109,software
806,806,0,14,4,18,119,realestate
807,807,12,7,9,17,109,education
808,808,18,10,3,8,75,education
809,809,1,9,3,21,172,education
810,810,12,18,0,14,94,realestate
811,811,12,10,1,26,100,pharmaceutical
812,812,17,27,6,29,194,education
813,813,4,28,3,9,177,pharmaceutical
814,814,17,2,4,3,185,realestate
815,815,11,26,4,1,100,realestate
816,816,17,17,1,2,187,software
817,817,2,23,5,1,216,software
818,818,16,25,1,24,154,realestate
819,819,19,25,3,8,73,education
820,820,10,22,8,28,94,retail
821,821,9,7,9,11,92,software
822,822,7,24,8,7,129,realestate
823,823,17,18,3,5,202,education
824,824,8,6,5,3,205,pharmaceutical
825,825,13,0,5,14,133,retail
826,826,13,15,8,23,130,financial
827,827,15,9,6,5,203,pharmaceutical
828,828,4,9,0,13,189,financial
829,829,8,28,8,13,151,retail
830,830,1,3,4,14,165,financial
831,831,18,18,3,13,67,pharmaceutical
832,832,8,17,2,26,143,financial
833,833,7,25,2,10,128,pharmaceutical
834,834,16,27,5,17,160,financial
835,835,5,18,2,23,104,education
836,836,17,12,3,25,188,retail
837,837,4,10,5,3,140,pharmaceutical
838,838,10,17,8,11,139,financial
839,839,9,27,8,0,48,pharmaceutical
840,840,8,15,4,9,140,financial
841,841,15,14,8,0,206,pharmaceutical
842,842,4,17,1,26,178,pharmaceutical
843,843,5,26,0,16,110,pharmaceutical
844,844,6,22,0,1,67,retail
845,845,4,26,3,29,150,realestate
846,846,1,7,1,18,236,financial
847,847,6,6,5,4,83,realestate
848,848,4,20,5,1,159,pharmaceutical
849,849,13,6,5,20,93,software
850,850,9,14,8,11,85,software
851,851,0,21,3,6,119,education
852,852,10,9,6,19,118,education
853,853,14,11,0,23,194,education
854,854,11,29,3,29,106,software
855,855,12,17,4,19,92,education
856,856,17,12,3,22,185,realestate
857,857,18,7,2,7,55,pharmaceutical
858,858,11,19,6,11,103,financial
859,859,3,13,8,2,166,pharmaceutical
860,860,16,23,3,28,153,retail
861,861,2,7,6,9,206,realestate
862,862,5,9,7,14,124,realestate
863,863,7,3,2,8,151,realestate
864,864,9,11,8,20,62,education
865,865,18,2,4,5,61,realestate
866,866,6,16,0,1,80,education
867,867,1,6,4,0,196,retail
868,868,10,19,3,14,155,education
869,869,7,28,4,11,135,financial
870,870,16,26,9,21,156,education
871,871,3,3,8,1,184,financial
872,872,18,7,4,3,59,pharmaceutical
873,873,9,8,7,24,96,financial
874,874,1,29,4,21,232,pharmaceutical
875,875,16,8,9,23,161,education
876,876,17,23,8,23,197,software
877,877,12,13,1,15,80,retail
878,878,0,8,5,13,119,software
879,879,6,15,7,21,58,education
880,880,15,14,8,1,190,education
881,881,2,4,6,23,213,education
882,882,1,2,4,28,174,financial
883,883,16,20,6,25,147,pharmaceutical
884,884,5,20,7,22,108,education
885,885,4,14,2,28,153,education
886,886,8,29,2,19,126,pharmaceutical
887,887,10,29,3,28,110,education
888,888,8,12,7,14,147,software
889,889,18,1,3,18,55,pharmaceutical
890,890,12,28,9,2,86,software
891,891,2,22,8,1,212,pharmaceutical
892,892,8,29,6,3,126,software
893,893,18,2,6,3,65,education
894,894,2,5,5,21,210,pharmaceutical
895,895,16,23,2,13,147,financial
896,896,12,21,3,1,106,financial
897,897,16,3,3,3,148,retail
898,898,12,7,5,25,105,software
899,899,13,0,7,29,91,pharmaceutical
900,900,19,6,1,10,87,education
901,901,6,8,4,9,67,retail
902,902,18,29,7,16,67,education
903,903,9,5,4,21,102,pharmaceutical
904,904,6,20,7,25,74,financial
905,905,11,4,3,12,132,financial
906,906,7,14,6,28,123,financial
907,907,12,24,3,22,103,software
908,908,10,7,0,8,97,software
909,909,13,13,9,13,101,financial
910,910,4,17,8,25,158,retail
911,911,16,20,5,2,151,financial
912,912,11,28,2,21,108,retail
913,913,15,25,7,25,189,software
914,914,3,23,1,14,217,financial
915,915,2,20,4,6,202,education
916,916,11,3,5,24,141,retail
917,917,12,5,7,26,81,retail
918,918,10,5,3,15,158,software
919,919,14,21,2,4,179,software
920,920,12,21,4,24,100,retail
921,921,7,20,4,0,131,realestate
922,922,9,5,7,7,47,financial
923,923,16,27,8,3,154,pharmaceutical
924,924,15,9,1,16,179,pharmaceutical
925,925,17,24,0,13,183,retail
926,926,6,2,3,12,81,financial
927,927,5,14,3,0,103,retail
928,928,2,14,4,2,200,financial
929,929,6,22,6,7,84,realestate
930,930,19,5,8,27,115,software
931,931,6,17,7,19,78,financial
932,932,6,3,1,7,69,pharmaceutical
933,933,4,7,8,1,189,retail
934,934,6,13,0,29,53,education
935,935,13,19,5,21,144,education
936,936,14,28,7,10,186,financial
937,937,1,22,9,2,230,realestate
938,938,19,19,0,22,83,pharmaceutical
939,939,2,10,1,28,218,financial
940,940,17,16,0,12,192,realestate
941,941,11,17,8,19,140,financial
942,942,0,7,5,3,122,pharmaceutical
943,943,5,27,7,22,132,software
944,944,11,4,0,21,122,pharmaceutical
945,945,2,11,0,5,204,pharmaceutical
946,946,0,22,1,15,123,education
947,947,19,1,6,17,97,pharmaceutical
948,948,19,6,5,10,87,software
949,949,14,18,0,8,191,education
950,950,5,28,7,28,109,software
951,951,1,22,0,17,219,realestate
952,952,9,20,3,28,64,financial
953,953,3,9,2,10,185,retail
954,954,1,2,1,25,233,retail
955,955,18,3,7,20,80,financial
956,956,7,11,4,24,162,pharmaceutical
957,957,11,10,5,20,102,retail
958,958,19,24,5,24,118,realestate
959,959,1,24,7,15,175,realestate
960,960,13,7,8,19,96,software
961,961,19,7,6,13,86,education
962,962,7,28,8,25,122,education
963,963,8,20,1,5,146,software
964,964,1,27,1,16,159,retail
965,965,2,25,9,13,204,financial
966,966,17,18,8,9,202,education
967,967,1,12,7,0,221,software
968,968,6,28,1,7,61,retail
969,969,15,19,1,23,182,software
970,970,9,26,4,23,65,retail
971,971,1,9,5,6,162,realestate
972,972,6,4,2,9,40,software
973,973,18,9,8,14,90,software
974,974,16,25,9,1,154,retail
975,975,11,16,9,28,120,retail
976,976,7,4,4,21,133,pharmaceutical
977,977,2,18,6,29,205,financial
978,978,11,5,4,19,93,retail
979,979,14,25,1,9,194,education
980,980,2,16,0,22,211,retail
981,981,14,10,1,22,184,software
982,982,6,21,5,14,45,financial
983,983,12,28,6,28,90,software
984,984,19,22,4,22,114,software
985,985,9,14,5,20,104,software
986,986,13,2,9,10,91,education
987,987,19,21,6,13,86,education
988,988,10,16,7,7,96,education
989,989,4,13,9,18,167,education
990,990,6,14,6,18,79,retail
991,991,14,14,7,2,181,software
992,992,3,13,0,6,205,financial
993,993,3,24,6,13,207,education
994,994,15,9,4,1,208,realestate
995,995,13,27,8,10,135,education
996,996,17,10,7,12,194,education
997,997,4,10,9,18,195,financial
998,998,3,24,1,26,171,education
999,999,2,13,8,0,215,retail
1000,1000,12,16,6,5,91,retail
1001,1001,17,17,6,10,188,pharmaceutical
1002,1002,12,8,4,7,99,education
1003,1003,5,22,4,17,129,realestate
1004,1004,8,10,2,25,160,financial
1005,1005,13,23,7,2,134,retail
1006,1006,16,29,4,3,151,education
1007,1007,11,0,4,22,141,retail
1008,1008,8,21,3,1,166,financial
1009,1009,19,7,2,6,76,financial
1010,1010,16,22,6,1,151,realestate
1011,1011,15,18,5,4,197,realestate
1012,1012,16,7,4,13,160,retail
1013,1013,11,19,9,28,122,pharmaceutical
1014,1014,19,28,7,7,90,education
1015,1015,5,22,5,29,92,financial
1016,1016,3,21,6,1,191,realestate
1017,1017,9,18,7,3,43,retail
1018,1018,16,26,3,10,162,realestate
1019,1019,0,15,8,22,119,software
1020,1020,0,26,2,15,123,software
1021,1021,7,22,4,1,156,education
1022,1022,0,21,7,0,120,retail
1023,1023,7,28,1,4,132,education
1024,1024,7,6,3,1,128,realestate
1025,1025,6,10,4,2,61,retail
1026,1026,7,5,4,10,137,financial
1027,1027,11,15,8,7,103,realestate
1028,1028,2,10,7,13,212,pharmaceutical
1029,1029,13,9,4,11,103,pharmaceutical
1030,1030,8,6,7,9,159,financial
1031,1031,8,2,0,7,165,realestate
1032,1032,2,26,0,10,210,pharmaceutical
1033,1033,12,27,6,21,103,financial
1034,1034,13,14,7,8,110,software
1035,1035,19,17,7,8,99,realestate
1036,1036,9,12,4,24,70,software
1037,1037,13,28,3,8,139,financial
1038,1038,4,17,3,26,190,software
1039,1039,9,27,4,5,74,financial
1040,1040,8,2,9,21,177,software
1041,1041,1,19,4,26,202,education
1042,1042,13,9,7,11,108,financial
1043,1043,15,19,4,19,204,pharmaceutical
1044,1044,13,7,1,16,124,pharmaceutical
1045,1045,9,22,0,9,44,pharmaceutical
1046,1046,13,0,4,10,101,education
1047,1047,13,19,4,10,132,pharmaceutical
1048,1048,4,19,9,23,152,financial
1049,1049,15,6,6,4,192,pharmaceutical
1050,1050,19,10,8,29,119,education
1051,1051,0,3,1,6,120,education
1052,1052,3,29,7,21,171,retail
1053,1053,0,17,2,9,119,software
1054,1054,12,10,6,28,94,retail
1055,1055,11,8,7,29,132,retail
1056,1056,10,2,0,28,135,retail
1057,1057,0,27,9,11,120,retail
1058,1058,0,19,6,6,119,software
1059,1059,6,2,6,11,60,retail
1060,1060,0,15,5,24,121,financial
1061,1061,10,10,3,12,137,software
1062,1062,8,23,1,7,127,retail
1063,1063,3,5,5,21,183,pharmaceutical
1064,1064,11,23,7,27,106,education
1065,1065,11,17,5,22,140,education
1066,1066,7,12,9,10,127,realestate
1067,1067,2,18,7,0,203,realestate
1068,1068,19,16,0,25,75,software
1069,1069,13,5,2,26,101,pharmaceutical
1070,1070,4,26,8,6,194,financial
1071,1071,5,23,3,14,115,education
1072,1072,18,5,9,20,72,retail
1073,1073,13,6,0,2,93,retail
1074,1074,11,14,4,10,117,retail
1075,1075,13,3,9,14,97,pharmaceutical
1076,1076,1,3,5,17,199,retail
1077,1077,2,26,7,7,215,retail
1078,1078,16,23,4,22,160,retail
1079,1079,8,10,0,1,187,realestate
1080,1080,10,28,5,10,97,financial
1081,1081,3,6,2,19,203,realestate
1082,1082,6,18,1,24,64,realestate
1083,1083,15,26,0,19,180,pharmaceutical
1084,1084,13,24,4,0,108,financial
1085,1085,5,24,3,21,132,pharmaceutical
1086,1086,9,28,5,11,92,education
1087,1087,3,17,3,21,179,pharmaceutical
1088,1088,2,28,5,6,199,retail
1089,1089,18,6,4,11,93,pharmaceutical
1090,1090,5,9,3,15,122,software
1091,1091,13,25,5,1,106,pharmaceutical
1092,1092,10,26,8,27,125,pharmaceutical
1093,1093,3,1,8,4,190,retail
1094,1094,3,19,8,20,171,software
1095,1095,19,25,6,29,112,financial
1096,1096,16,12,4,16,146,software
1097,1097,6,17,5,8,47,education
1098,1098,19,28,6,10,112,pharmaceutical
1099,1099,3,19,3,8,166,financial
1100,1100,2,23,2,20,219,retail
1101,1101,3,7,6,24,188,financial
1102,1102,8,2,9,27,130,education
1103,1103,19,18,8,25,79,pharmaceutical
1104,1104,11,5,1,26,98,financial
1105,1105,17,3,5,25,193,pharmaceutical
1106,1106,9,19,9,6,67,software
1107,1107,5,6,0,4,99,realestate
1108,1108,11,19,3,2,126,retail
1109,1109,15,2,7,6,188,realestate
1110,1110,4,17,5,12,180,education
1111,1111,14,6,2,26,194,retail
1112,1112,18,11,7,16,53,financial
1113,1113,2,7,9,4,200,financial
1114,1114,8,18,4,29,110,retail
1115,1115,10,2,0,22,145,retail
1116,1116,0,13,8,16,119,financial
1117,1117,8,26,9,18,160,software
1118,1118,1,7,2,5,228,financial
1119,1119,0,9,2,19,119,retail
1120,1120,5,21,7,7,96,pharmaceutical
1121,1121,7,19,7,6,142,software
1122,1122,3,18,1,8,171,realestate
1123,1123,8,1,0,25,177,software
1124,1124,5,20,1,16,108,software
1125,1125,11,23,7,23,124,software
1126,1126,14,16,8,25,195,retail
1127,1127,16,4,5,16,147,financial
1128,1128,16,15,7,15,153,pharmaceutical
1129,1129,9,9,2,0,93,education
1130,1130,16,17,1,14,155,retail
1131,1131,13,24,5,21,132,pharmaceutical
1132,1132,12,29,6,10,110,realestate
1133,1133,12,0,4,9,101,financial
1134,1134,5,19,6,11,100,software
1135,1135,14,8,3,3,193,pharmaceutical
1136,1136,9,6,8,25,56,financial
1137,1137,19,12,5,17,107,realestate
1138,1138,8,11,0,19,122,realestate
1139,1139,8,6,5,22,112,financial
1140,1140,16,29,4,10,152,financial
1141,1141,3,13,6,16,185,software
1142,1142,14,10,7,3,178,pharmaceutical
1143,1143,15,2,3,11,196,realestate
1144,1144,11,28,4,9,138,pharmaceutical
1145,1145,2,0,4,16,210,education
1146,1146,17,22,9,2,198,pharmaceutical
1147,1147,4,16,9,7,157,education
1148,1148,6,22,8,7,54,retail
1149,1149,17,23,5,4,195,education
1150,1150,2,16,1,0,199,financial
1151,1151,8,24,9,1,118,software
1152,1152,19,16,4,23,104,software
1153,1153,6,19,0,28,53,pharmaceutical
1154,1154,10,28,2,19,138,pharmaceutical
1155,1155,15,24,8,29,216,realestate
1156,1156,13,16,7,11,134,education
1157,1157,7,28,8,27,166,financial
1158,1158,19,10,7,7,92,retail
1159,1159,10,4,6,28,136,realestate
1160,1160,3,11,2,22,212,realestate
1161,1161,12,2,1,22,85,software
1162,1162,7,25,5,0,158,education
1163,1163,16,13,7,24,157,pharmaceutical
1164,1164,15,20,7,18,180,realestate
1165,1165,3,0,6,23,185,realestate
1166,1166,13,26,0,7,137,retail
1167,1167,0,3,0,0,123,financial
1168,1168,11,17,7,3,96,pharmaceutical
1169,1169,14,15,3,29,194,education
1170,1170,7,20,5,5,156,financial
1171,1171,10,3,8,21,138,financial
1172,1172,4,6,3,21,133,financial
1173,1173,8,20,6,11,149,pharmaceutical
1174,1174,0,10,4,19,121,software
1175,1175,2,7,2,27,200,financial
1176,1176,5,15,3,25,104,pharmaceutical
1177,1177,13,9,4,14,121,realestate
1178,1178,3,11,3,14,171,retail
1179,1179,2,29,6,20,219,financial
1180,1180,3,17,6,1,203,software
1181,1181,10,11,3,12,152,pharmaceutical
1182,1182,18,22,2,0,86,financial
1183,1183,4,20,7,26,154,retail
1184,1184,6,16,5,12,67,realestate
1185,1185,9,28,4,24,58,financial
1186,1186,1,12,1,7,162,retail
1187,1187,16,24,5,14,147,software
1188,1188,18,22,9,14,96,realestate
1189,1189,11,13,3,27,133,education
1190,1190,7,10,4,12,130,education
1191,1191,5,26,4,16,123,financial
1192,1192,17,11,0,6,183,realestate
1193,1193,15,3,2,13,215,retail
1194,1194,7,6,0,23,165,retail
1195,1195,9,23,2,2,91,retail
1196,1196,4,1,8,20,142,retail
1197,1197,14,23,2,11,185,software
1198,1198,13,3,4,20,143,financial
1199,1199,7,5,2,2,123,software
1200,1200,9,9,9,10,101,software
1201,1201,2,16,2,9,206,software
1202,1202,12,14,7,18,102,education
1203,1203,9,23,7,1,59,realestate
1204,1204,19,12,5,6,95,realestate
1205,1205,19,26,1,15,101,realestate
1206,1206,11,10,2,25,99,software
1207,1207,17,14,0,14,200,software
1208,1208,4,9,3,16,187,retail
1209,1209,6,24,3,4,55,education
1210,1210,19,9,0,19,91,pharmaceutical
1211,1211,3,15,2,6,181,software
1212,1212,1,12,3,3,228,pharmaceutical
1213,1213,1,1,5,2,186,realestate
1214,1214,4,28,8,16,183,education
1215,1215,12,27,4,8,103,education
1216,1216,0,17,2,0,121,education
1217,1217,19,28,1,7,83,financial
1218,1218,1,21,5,8,201,education
1219,1219,8,22,9,10,187,retail
1220,1220,4,5,9,10,139,retail
1221,1221,2,12,4,18,210,realestate
1222,1222,14,7,8,9,194,pharmaceutical
1223,1223,16,9,1,16,162,financial
1224,1224,2,12,3,17,212,realestate
1225,1225,7,15,2,14,159,retail
1226,1226,1,20,4,5,158,financial
1227,1227,15,12,1,11,214,software
1228,1228,19,16,5,29,88,financial
1229,1229,6,5,8,15,58,software
1230,1230,17,25,9,25,191,pharmaceutical
1231,1231,1,24,7,5,188,pharmaceutical
1232,1232,3,24,9,24,179,retail
1233,1233,19,3,0,16,71,financial
1234,1234,19,20,7,5,105,software
1235,1235,16,28,2,10,156,retail
1236,1236,4,19,6,14,182,retail
1237,1237,0,28,1,7,120,education
1238,1238,0,26,2,13,122,retail
1239,1239,19,24,8,25,94,realestate
1240,1240,9,23,7,15,90,retail
1241,1241,17,19,9,8,199,pharmaceutical
1242,1242,19,24,4,25,95,education
1243,1243,7,1,1,12,166,financial
1244,1244,10,20,8,14,126,pharmaceutical
1245,1245,2,13,6,4,214,education
1246,1246,3,25,7,19,210,pharmaceutical
1247,1247,4,11,7,1,153,realestate
1248,1248,16,20,2,29,157,pharmaceutical
1249,1249,1,17,2,11,206,financial
1250,1250,1,7,2,0,235,software
1251,1251,5,25,7,25,103,financial
1252,1252,6,28,7,23,79,education
1253,1253,17,28,8,6,184,retail
1254,1254,17,27,2,7,196,realestate
1255,1255,5,9,3,6,136,software
1256,1256,7,6,2,8,137,financial
1257,1257,14,13,4,17,186,education
1258,1258,4,9,4,25,131,retail
1259,1259,3,13,1,24,166,financial
1260,1260,16,1,1,2,159,pharmaceutical
1261,1261,6,3,8,23,39,retail
1262,1262,13,20,2,26,123,financial
1263,1263,0,6,3,25,121,software
1264,1264,14,15,8,29,178,education
1265,1265,5,0,0,29,96,financial
1266,1266,1,25,7,1,200,realestate
1267,1267,16,29,5,3,161,software
1268,1268,16,3,0,2,148,software
1269,1269,18,19,9,27,99,education
1270,1270,9,23,7,12,59,realestate
1271,1271,15,5,3,5,210,pharmaceutical
1272,1272,11,23,0,0,137,education
1273,1273,14,8,1,15,198,retail
1274,1274,11,0,8,21,119,financial
1275,1275,19,10,4,13,118,retail
1276,1276,7,10,3,14,140,pharmaceutical
1277,1277,19,14,5,27,81,education
1278,1278,9,22,4,24,54,software
1279,1279,7,23,3,3,162,retail
1280,1280,15,26,7,20,218,retail
1281,1281,5,5,0,18,113,software
1282,1282,5,27,8,22,108,retail
1283,1283,14,7,2,24,191,pharmaceutical
1284,1284,9,1,7,26,74,financial
1285,1285,8,19,7,7,120,realestate
1286,1286,14,4,4,27,179,retail
1287,1287,2,0,5,27,205,education
1288,1288,19,26,3,28,82,software
1289,1289,18,7,5,8,63,retail
1290,1290,5,11,2,13,112,software
1291,1291,8,21,7,11,194,pharmaceutical
1292,1292,2,0,8,4,203,software
1293,1293,19,14,5,3,111,retail
1294,1294,6,21,7,24,77,financial
1295,1295,17,11,3,20,204,software
1296,1296,13,29,7,2,133,software
1297,1297,5,7,3,27,106,software
1298,1298,1,5,8,28,167,software
1299,1299,15,27,4,9,191,pharmaceutical
1300,1300,19,3,9,21,97,financial
1301,1301,2,16,1,17,219,education
1302,1302,11,8,0,27,118,education
1303,1303,6,18,6,6,64,pharmaceutical
1304,1304,10,26,5,25,97,pharmaceutical
1305,1305,10,0,3,12,131,software
1306,1306,6,4,7,29,45,education
1307,1307,6,14,6,8,61,pharmaceutical
1308,1308,12,22,3,11,108,financial
1309,1309,6,5,6,15,74,education
1310,1310,5,6,0,19,128,financial
1311,1311,19,19,2,14,74,realestate
1312,1312,0,7,6,15,123,financial
1313,1313,17,6,9,3,183,financial
1314,1314,11,22,8,22,137,financial
1315,1315,16,7,3,25,150,retail
1316,1316,13,18,1,16,97,education
1317,1317,18,4,3,22,95,realestate
1318,1318,7,9,8,17,141,pharmaceutical
1319,1319,16,25,0,17,159,retail
1320,1320,19,11,9,24,102,pharmaceutical
1321,1321,2,1,0,24,200,education
1322,1322,8,18,0,9,145,financial
1323,1323,18,18,7,9,98,education
1324,1324,2,22,8,12,211,financial
1325,1325,9,19,9,27,49,retail
1326,1326,18,27,9,12,101,education
1327,1327,9,25,5,14,50,retail
1328,1328,12,25,9,25,109,education
1329,1329,9,18,4,9,74,education
1330,1330,4,15,2,17,160,realestate
1331,1331,5,6,9,26,130,realestate
1332,1332,9,12,4,5,77,retail
1333,1333,16,20,5,6,152,retail
1334,1334,15,4,1,2,214,software
1335,1335,9,13,9,14,60,education
1336,1336,7,21,5,14,123,retail
1337,1337,3,2,6,6,187,realestate
1338,1338,1,0,1,7,179,realestate
1339,1339,9,21,9,5,69,pharmaceutical
1340,1340,1,24,2,3,158,retail
1341,1341,19,5,8,27,76,realestate
1342,1342,11,5,9,29,91,retail
1343,1343,15,15,6,22,197,financial
1344,1344,19,2,7,4,81,realestate
1345,1345,7,12,0,19,134,software
1346,1346,8,10,0,26,157,realestate
1347,1347,14,17,3,27,191,software
1348,1348,18,29,8,10,72,software
1349,1349,0,12,6,11,123,education
1350,1350,6,18,7,7,63,retail
1351,1351,3,3,7,27,207,pharmaceutical
1352,1352,9,27,0,23,62,software
1353,1353,2,9,7,4,217,financial
1354,1354,16,11,8,4,154,pharmaceutical
1355,1355,6,27,4,2,63,pharmaceutical
1356,1356,8,6,4,7,183,realestate
1357,1357,12,17,8,18,93,financial
1358,1358,6,14,2,26,44,retail
1359,1359,10,25,5,13,105,pharmaceutical
1360,1360,8,3,1,16,174,financial
1361,1361,15,7,0,3,200,financial
1362,1362,2,1,3,21,212,pharmaceutical
1363,1363,0,14,0,26,120,retail
1364,1364,2,13,5,25,212,retail
1365,1365,7,17,9,22,132,software
1366,1366,11,28,8,16,135,software
1367,1367,18,22,8,11,74,education
1368,1368,17,25,7,2,189,education
1369,1369,15,4,9,11,187,pharmaceutical
1370,1370,11,16,2,18,133,retail
1371,1371,7,22,0,28,126,education
1372,1372,17,6,6,7,191,financial
1373,1373,7,27,5,21,133,education
1374,1374,7,5,4,3,126,realestate
1375,1375,2,8,3,15,219,retail
1376,1376,4,10,5,6,179,retail
1377,1377,5,13,3,20,134,education
1378,1378,3,21,7,2,165,financial
1379,1379,17,14,2,3,191,pharmaceutical
1380,1380,3,28,8,9,189,realestate
1381,1381,9,16,4,2,90,software
1382,1382,9,13,2,25,57,education
1383,1383,8,18,6,21,123,retail
1384,1384,7,7,7,27,130,realestate
1385,1385,2,8,7,26,206,education
1386,1386,9,26,0,15,103,software
1387,1387,7,17,9,1,165,software
1388,1388,8,29,2,6,164,realestate
1389,1389,3,5,2,21,192,pharmaceutical
1390,1390,15,7,1,11,199,education
1391,1391,17,13,1,21,195,retail
1392,1392,12,28,1,24,94,pharmaceutical
1393,1393,14,24,4,21,192,realestate
1394,1394,10,24,2,3,102,retail
1395,1395,15,17,9,6,195,realestate
1396,1396,9,20,1,0,71,financial
1397,1397,0,0,0,21,119,pharmaceutical
1398,1398,17,2,1,0,185,financial
1399,1399,6,22,4,11,45,retail
1400,1400,12,1,8,15,100,education
1401,1401,5,27,2,23,119,pharmaceutical
1402,1402,5,2,9,6,113,pharmaceutical
1403,1403,16,28,0,8,160,education
1404,1404,1,20,3,20,200,retail
1405,1405,10,0,0,17,141,realestate
1406,1406,5,10,9,21,92,pharmaceutical
1407,1407,10,14,7,21,111,realestate
1408,1408,11,9,1,12,115,education
1409,1409,10,11,8,19,133,retail
1410,1410,6,19,9,22,47,pharmaceutical
1411,1411,19,27,8,24,91,retail
1412,1412,18,6,0,15,97,pharmaceutical
1413,1413,19,11,8,28,103,education
1414,1414,18,0,3,4,53,financial
1415,1415,17,0,6,27,203,education
1416,1416,13,22,1,3,112,financial
1417,1417,7,15,3,27,148,retail
1418,1418,0,11,9,7,119,pharmaceutical
1419,1419,6,24,6,5,41,financial
1420,1420,6,9,5,13,84,education
1421,1421,11,5,9,17,127,software
1422,1422,3,15,1,6,168,retail
1423,1423,17,19,8,12,193,software
1424,1424,16,27,2,5,158,realestate
1425,1425,14,25,9,25,198,retail
1426,1426,0,8,2,7,122,pharmaceutical
1427,1427,3,9,2,25,201,retail
1428,1428,19,16,6,16,112,retail
1429,1429,10,17,6,27,154,pharmaceutical
1430,1430,19,21,9,21,100,education
1431,1431,13,12,1,22,105,realestate
1432,1432,0,25,2,23,123,education
1433,1433,1,8,0,15,231,education
1434,1434,10,22,4,1,153,realestate
1435,1435,9,15,8,24,85,realestate
1436,1436,1,15,5,20,175,software
1437,1437,8,5,7,22,206,education
1438,1438,17,13,0,6,194,financial
1439,1439,17,1,7,26,201,retail
1440,1440,13,16,0,26,128,retail
1441,1441,2,20,1,19,203,retail
1442,1442,5,26,8,11,132,education
1443,1443,15,12,2,6,218,pharmaceutical
1444,1444,1,13,4,7,224,financial
1445,1445,19,4,2,0,89,retail
1446,1446,3,2,9,16,217,financial
1447,1447,2,17,9,23,206,realestate
1448,1448,1,17,1,13,176,realestate
1449,1449,4,4,2,16,150,retail
1450,1450,13,8,0,21,110,retail
1451,1451,14,20,1,21,197,education
1452,1452,1,19,7,19,170,pharmaceutical
1453,1453,19,28,8,18,102,education
1454,1454,0,13,6,15,122,realestate
1455,1455,0,20,6,18,122,education
1456,1456,9,28,2,29,99,financial
1457,1457,3,14,7,12,182,education
1458,1458,13,28,7,3,122,retail
1459,1459,14,28,3,26,198,pharmaceutical
1460,1460,12,20,5,2,80,education
1461,1461,18,1,0,28,89,education
1462,1462,11,0,7,13,135,retail
1463,1463,15,4,5,10,207,education
1464,1464,6,18,4,10,69,education
1465,1465,7,11,3,10,151,pharmaceutical
1466,1466,7,28,7,7,145,education
1467,1467,5,14,6,11,130,financial
1468,1468,9,16,4,11,79,education
1469,1469,8,15,3,21,137,financial
1470,1470,15,6,7,29,183,software
1471,1471,4,6,4,15,171,pharmaceutical
1472,1472,1,0,7,23,177,retail
1473,1473,10,24,4,10,121,realestate
1474,1474,1,15,3,18,160,realestate
1475,1475,15,11,8,7,187,software
1476,1476,8,28,7,14,150,software
1477,1477,4,28,0,28,160,retail
1478,1478,14,27,2,3,197,financial
1479,1479,17,12,8,27,184,software
1480,1480,9,22,0,25,94,realestate
1481,1481,4,22,3,7,192,software
1482,1482,15,29,8,26,189,software
1483,1483,8,0,3,14,122,realestate
1484,1484,10,8,2,11,105,pharmaceutical
1485,1485,8,13,3,13,165,pharmaceutical
1486,1486,0,8,9,19,121,realestate
1487,1487,1,23,3,6,212,software
1488,1488,13,24,2,26,103,realestate
1489,1489,10,11,5,20,131,realestate
1490,1490,5,23,5,13,123,realestate
1491,1491,0,25,4,19,121,education
1492,1492,0,8,2,12,120,financial
1493,1493,8,28,3,22,140,financial
1494,1494,11,19,6,21,128,education
1495,1495,19,16,9,21,82,software
1496,1496,5,0,6,16,102,realestate
1497,1497,11,23,9,5,109,pharmaceutical
1498,1498,3,26,5,23,191,pharmaceutical
1499,1499,17,9,7,9,196,realestate
1500,1500,4,14,8,22,165,education
1501,1501,3,27,7,16,170,pharmaceutical
1502,1502,15,26,2,24,185,realestate
1503,1503,7,12,4,14,144,financial
1504,1504,0,7,7,27,121,software
1505,1505,0,4,2,10,123,education
1506,1506,5,22,9,27,103,software
1507,1507,15,15,0,16,214,financial
1508,1508,1,23,9,4,218,education
1509,1509,8,8,2,16,130,realestate
1510,1510,9,26,8,4,50,retail
1511,1511,13,28,1,17,114,retail
1512,1512,8,25,9,13,115,pharmaceutical
1513,1513,17,7,8,12,198,software
1514,1514,7,3,4,27,121,financial
1515,1515,10,11,0,13,111,retail
1516,1516,9,22,4,22,94,pharmaceutical
1517,1517,18,5,2,25,97,education
1518,1518,17,11,6,27,188,pharmaceutical
1519,1519,15,22,8,8,196,pharmaceutical
1520,1520,11,22,4,0,120,software
1521,1521,17,8,4,20,201,software
1522,1522,15,3,7,20,187,software
1523,1523,16,16,2,25,146,financial
1524,1524,2,16,1,21,214,pharmaceutical
1525,1525,16,17,0,6,150,education
1526,1526,1,27,1,10,194,software
1527,1527,3,9,0,21,206,financial
1528,1528,1,28,7,14,217,retail
1529,1529,2,0,0,24,202,education
1530,1530,3,27,5,23,205,education
1531,1531,16,14,8,1,148,software
1532,1532,0,1,9,9,120,education
1533,1533,17,16,5,13,200,financial
1534,1534,17,2,9,22,193,realestate
1535,1535,2,11,2,18,213,software
1536,1536,16,6,9,6,158,software
1537,1537,18,27,9,10,86,pharmaceutical
1538,1538,2,23,2,16,216,financial
1539,1539,7,29,6,28,132,software
1540,1540,6,18,8,6,66,retail
1541,1541,16,1,2,6,153,realestate
1542,1542,7,0,1,12,162,pharmaceutical
1543,1543,10,27,8,6,151,retail
1544,1544,19,27,9,16,85,realestate
1545,1545,10,15,2,4,101,retail
1546,1546,0,8,0,28,121,retail
1547,1547,15,15,2,17,199,education
1548,1548,10,19,9,17,108,financial
1549,1549,8,22,3,26,156,software
1550,1550,1,3,9,25,212,software
1551,1551,12,29,3,1,98,education
1552,1552,8,24,7,29,132,software
1553,1553,2,22,2,1,218,financial
1554,1554,8,14,3,18,127,software
1555,1555,2,14,7,20,210,pharmaceutical
1556,1556,16,3,0,9,152,financial
1557,1557,1,27,2,28,206,realestate
1558,1558,4,12,1,12,149,realestate
1559,1559,10,25,7,10,155,software
1560,1560,11,21,7,9,111,financial
1561,1561,7,22,2,17,130,pharmaceutical
1562,1562,11,3,7,17,124,education
1563,1563,7,19,7,23,147,software
1564,1564,11,13,9,25,95,pharmaceutical
1565,1565,17,5,7,13,189,education
1566,1566,1,9,9,16,214,education
1567,1567,9,9,3,5,86,pharmaceutical
1568,1568,7,0,2,17,124,software
1569,1569,11,19,8,11,91,pharmaceutical
1570,1570,7,28,0,25,138,education
1571,1571,4,21,5,3,148,software
1572,1572,5,2,4,10,107,pharmaceutical
1573,1573,7,29,6,9,134,software
1574,1574,7,20,7,12,150,software
1575,1575,19,25,6,18,77,financial
1576,1576,4,23,4,24,159,software
1577,1577,7,20,8,4,136,retail
1578,1578,11,22,4,19,95,financial
1579,1579,12,8,1,7,85,realestate
1580,1580,8,23,5,2,117,realestate
1581,1581,15,1,2,8,198,software
1582,1582,10,8,0,10,148,pharmaceutical
1583,1583,6,22,3,17,84,financial
1584,1584,5,17,0,25,94,education
1585,1585,8,27,2,25,121,education
1586,1586,19,0,5,15,95,retail
1587,1587,3,10,3,11,212,education
1588,1588,16,16,9,18,156,software
1589,1589,0,23,1,20,120,education
1590,1590,7,21,5,8,128,pharmaceutical
1591,1591,7,4,4,14,164,retail
1592,1592,17,21,3,29,189,software
1593,1593,5,15,8,24,138,pharmaceutical
1594,1594,6,12,5,8,74,realestate
1595,1595,12,28,5,22,96,software
1596,1596,2,18,6,3,218,education
1597,1597,4,22,6,10,160,education
1598,1598,11,18,5,12,101,realestate
1599,1599,4,15,2,18,151,retail
1600,1600,9,25,1,22,72,education
1601,1601,11,13,4,21,137,realestate
1602,1602,1,24,0,8,189,realestate
1603,1603,10,2,4,15,110,financial
1604,1604,15,7,1,13,204,pharmaceutical
1605,1605,7,18,5,8,137,pharmaceutical
1606,1606,7,0,2,19,137,realestate
1607,1607,6,10,3,28,81,software
1608,1608,13,20,2,5,100,software
1609,1609,17,27,9,12,190,financial
1610,1610,7,7,3,1,166,software
1611,1611,7,13,7,14,121,pharmaceutical
1612,1612,13,22,7,0,127,realestate
1613,1613,11,26,4,19,136,education
1614,1614,2,27,9,23,204,financial
1615,1615,15,22,0,23,204,pharmaceutical
1616,1616,15,8,8,27,185,realestate
1617,1617,11,16,6,18,138,education
1618,1618,9,13,4,20,96,retail
1619,1619,2,26,1,20,210,software
1620,1620,2,20,4,21,201,education
1621,1621,16,2,6,2,157,realestate
1622,1622,0,26,6,11,122,realestate
1623,1623,15,7,8,10,179,retail
1624,1624,6,21,8,7,40,financial
1625,1625,6,13,0,18,70,software
1626,1626,4,1,6,4,190,pharmaceutical
1627,1627,2,27,9,2,205,pharmaceutical
1628,1628,12,3,4,1,102,financial
1629,1629,17,2,5,23,192,pharmaceutical
1630,1630,11,0,0,7,116,education
1631,1631,19,16,5,15,114,financial
1632,1632,8,16,0,16,192,pharmaceutical
1633,1633,18,13,4,9,99,software
1634,1634,16,9,0,20,153,education
1635,1635,19,19,0,1,87,pharmaceutical
1636,1636,7,25,9,1,166,software
1637,1637,9,19,9,19,71,software
1638,1638,6,27,3,11,43,retail
1639,1639,17,25,3,6,183,realestate
1640,1640,1,23,2,27,189,software
1641,1641,14,4,6,22,196,retail
1642,1642,13,4,5,8,115,realestate
1643,1643,0,15,8,13,120,pharmaceutical
1644,1644,19,5,1,14,104,retail
1645,1645,19,8,2,18,108,education
1646,1646,15,17,4,8,215,pharmaceutical
1647,1647,9,24,2,19,88,pharmaceutical
1648,1648,13,7,5,15,98,pharmaceutical
1649,1649,11,5,7,27,137,retail
1650,1650,13,0,5,5,105,software
1651,1651,15,23,0,22,180,financial
1652,1652,12,18,5,6,107,education
1653,1653,18,7,3,3,90,realestate
1654,1654,2,7,2,7,206,pharmaceutical
1655,1655,3,5,6,24,167,financial
1656,1656,7,12,7,17,143,realestate
1657,1657,9,22,1,25,60,retail
1658,1658,18,0,2,29,54,education
1659,1659,14,5,7,14,185,financial
1660,1660,19,9,5,14,89,retail
1661,1661,5,5,4,14,111,financial
1662,1662,17,27,6,22,184,realestate
1663,1663,17,16,6,17,191,pharmaceutical
1664,1664,2,0,0,24,216,realestate
1665,1665,16,5,7,20,156,pharmaceutical
1666,1666,15,20,3,7,205,pharmaceutical
1667,1667,9,12,1,0,51,education
1668,1668,8,16,4,11,153,financial
1669,1669,12,26,6,28,99,pharmaceutical
1670,1670,15,3,5,14,182,realestate
1671,1671,17,1,6,0,201,pharmaceutical
1672,1672,13,0,8,2,121,realestate
1673,1673,0,20,1,17,120,pharmaceutical
1674,1674,8,1,4,15,187,software
1675,1675,18,3,8,15,102,software
1676,1676,7,7,8,24,137,realestate
1677,1677,0,28,8,23,122,software
1678,1678,19,24,8,14,83,retail
1679,1679,5,14,1,28,98,education
1680,1680,8,3,5,21,179,software
1681,1681,9,29,9,5,89,pharmaceutical
1682,1682,12,3,0,28,96,financial
1683,1683,15,17,9,4,202,realestate
1684,1684,12,19,8,20,106,education
1685,1685,14,23,8,10,181,pharmaceutical
1686,1686,17,21,6,9,189,software
1687,1687,13,10,6,21,139,realestate
1688,1688,18,13,5,4,100,financial
1689,1689,3,10,6,29,189,software
1690,1690,12,18,6,28,83,education
1691,1691,3,1,4,29,185,financial
1692,1692,13,5,1,21,93,retail
1693,1693,16,14,8,27,160,financial
1694,1694,17,16,7,6,198,financial
1695,1695,0,23,3,5,122,retail
1696,1696,10,5,3,17,92,software
1697,1697,6,2,5,14,84,software
1698,1698,15,20,1,15,200,software
1699,1699,16,5,8,15,152,software
1700,1700,5,11,4,16,99,pharmaceutical
1701,1701,6,29,4,8,45,realestate
1702,1702,8,0,9,23,137,realestate
1703,1703,18,16,1,9,77,realestate
1704,1704,0,14,2,19,121,software
1705,1705,18,13,5,24,63,pharmaceutical
1706,1706,1,19,3,6,182,financial
1707,1707,5,17,3,18,105,retail
1708,1708,4,8,6,23,155,financial
1709,1709,14,19,0,14,190,education
1710,1710,8,5,6,18,145,software
1711,1711,3,6,7,11,198,realestate
1712,1712,11,29,1,9,104,retail
1713,1713,19,14,2,8,73,realestate
1714,1714,1,8,1,0,216,retail
1715,1715,17,14,4,11,188,software
1716,1716,8,16,3,7,158,education
1717,1717,16,17,1,5,158,financial
1718,1718,1,20,5,28,195,financial
1719,1719,10,10,7,27,95,financial
1720,1720,9,14,9,4,58,financial
1721,1721,10,23,8,26,154,education
1722,1722,9,18,0,5,100,pharmaceutical
1723,1723,14,26,7,6,199,software
1724,1724,15,21,7,9,210,education
1725,1725,18,23,7,21,91,pharmaceutical
1726,1726,7,10,3,25,119,retail
1727,1727,18,28,5,17,80,realestate
1728,1728,0,14,2,28,123,software
1729,1729,18,4,9,21,71,financial
1730,1730,15,2,8,15,213,pharmaceutical
1731,1731,3,11,0,2,182,education
1732,1732,19,12,5,8,79,retail
1733,1733,12,10,9,28,87,retail
1734,1734,4,18,9,13,163,retail
1735,1735,4,0,6,1,160,financial
1736,1736,10,14,3,19,137,retail
1737,1737,0,7,8,14,121,retail
1738,1738,15,27,6,15,195,education
1739,1739,18,19,3,17,99,retail
1740,1740,4,16,5,27,139,software
1741,1741,0,14,2,0,120,software
1742,1742,17,22,6,5,183,retail
1743,1743,19,29,1,24,96,realestate
1744,1744,14,10,8,13,190,retail
1745,1745,15,0,5,3,197,pharmaceutical
1746,1746,1,5,6,7,181,realestate
1747,1747,2,4,0,14,217,pharmaceutical
1748,1748,6,17,2,13,53,software
1749,1749,7,20,7,3,144,financial
1750,1750,1,13,7,9,163,financial
1751,1751,14,15,0,15,188,retail
1752,1752,3,16,0,16,182,pharmaceutical
1753,1753,4,19,6,13,189,software
1754,1754,18,2,4,24,56,pharmaceutical
1755,1755,1,8,6,26,191,software
1756,1756,9,25,7,29,68,education
1757,1757,14,7,6,1,196,pharmaceutical
1758,1758,0,9,7,27,120,retail
1759,1759,1,25,9,15,194,education
1760,1760,13,14,7,11,109,education
1761,1761,10,8,6,12,89,pharmaceutical
1762,1762,11,5,3,21,115,pharmaceutical
1763,1763,18,21,9,8,90,retail
1764,1764,2,27,7,22,216,financial
1765,1765,9,0,6,4,95,retail
1766,1766,19,11,9,21,84,retail
1767,1767,7,22,1,21,145,realestate
1768,1768,7,10,1,14,152,education
1769,1769,10,13,2,1,100,pharmaceutical
1770,1770,11,2,1,25,96,financial
1771,1771,0,2,8,28,120,education
1772,1772,17,11,2,7,199,education
1773,1773,11,25,5,24,140,retail
1774,1774,6,13,8,11,45,software
1775,1775,9,6,7,7,88,pharmaceutical
1776,1776,9,22,5,18,71,realestate
1777,1777,0,9,2,14,123,software
1778,1778,12,17,6,13,89,financial
1779,1779,5,5,2,8,98,education
1780,1780,2,10,5,27,213,software
1781,1781,7,21,4,24,132,pharmaceutical
1782,1782,15,24,6,0,180,financial
1783,1783,5,18,4,17,105,realestate
1784,1784,1,18,7,3,218,education
1785,1785,12,20,2,10,90,retail
1786,1786,6,6,7,10,79,education
1787,1787,3,21,8,2,205,financial
1788,1788,2,7,2,28,219,financial
1789,1789,8,16,9,5,135,education
1790,1790,18,8,2,4,84,software
1791,1791,11,14,4,11,96,software
1792,1792,16,2,7,27,161,financial
1793,1793,17,12,3,8,188,financial
1794,1794,9,25,2,20,45,pharmaceutical
1795,1795,10,21,8,3,106,software
1796,1796,17,19,6,17,185,education
1797,1797,10,19,7,4,93,financial
1798,1798,1,16,4,24,179,education
1799,1799,7,3,1,6,129,education
1800,1800,0,29,9,7,122,software
1801,1801,0,17,1,15,122,pharmaceutical
1802,1802,5,9,0,10,113,education
1803,1803,19,13,0,6,81,financial
1804,1804,12,21,7,5,94,financial
1805,1805,19,5,9,27,109,financial
1806,1806,14,9,0,18,185,realestate
1807,1807,16,7,4,10,157,pharmaceutical
1808,1808,13,4,1,24,136,realestate
1809,1809,10,13,0,8,135,education
1810,1810,17,2,0,23,184,realestate
1811,1811,7,27,2,26,161,realestate
1812,1812,2,12,0,25,211,retail
1813,1813,18,27,0,28,90,realestate
1814,1814,2,28,5,11,212,software
1815,1815,11,28,1,23,95,realestate
1816,1816,9,2,9,14,81,retail
1817,1817,9,10,1,9,53,retail
1818,1818,18,7,2,17,74,education
1819,1819,17,0,0,13,184,realestate
1820,1820,12,24,2,17,86,education
1821,1821,6,14,3,1,47,education
1822,1822,6,17,7,27,43,realestate
1823,1823,13,12,0,27,122,retail
1824,1824,1,16,8,0,201,pharmaceutical
1825,1825,19,2,1,27,98,retail
1826,1826,18,29,2,6,82,pharmaceutical
1827,1827,2,24,0,24,219,retail
1828,1828,10,0,5,18,110,realestate
1829,1829,11,17,0,10,111,pharmaceutical
1830,1830,6,29,0,4,83,software
1831,1831,8,15,2,16,188,retail
1832,1832,12,12,2,15,105,software
1833,1833,3,6,5,11,196,pharmaceutical
1834,1834,0,18,5,10,120,realestate
1835,1835,12,4,8,1,88,realestate
1836,1836,8,19,7,16,205,pharmaceutical
1837,1837,15,28,9,18,178,realestate
1838,1838,11,25,0,20,138,pharmaceutical
1839,1839,6,4,2,23,52,software
1840,1840,16,17,2,21,153,education
1841,1841,1,6,9,24,228,retail
1842,1842,4,6,6,25,163,pharmaceutical
1843,1843,10,5,3,15,114,retail
1844,1844,8,21,2,24,184,software
1845,1845,6,25,1,0,74,education
1846,1846,10,0,5,6,102,realestate
1847,1847,16,1,7,29,162,financial
1848,1848,14,13,1,8,195,financial
1849,1849,17,21,4,9,199,retail
1850,1850,17,21,7,5,193,pharmaceutical
1851,1851,2,9,2,26,202,software
1852,1852,5,0,0,2,123,financial
1853,1853,10,20,1,12,131,financial
1854,1854,4,4,9,28,184,software
1855,1855,11,0,2,9,124,education
1856,1856,9,20,3,22,61,pharmaceutical
1857,1857,8,20,8,6,135,financial
1858,1858,13,11,8,19,88,retail
1859,1859,15,3,7,25,202,education
1860,1860,19,28,2,6,89,software
1861,1861,11,27,7,27,98,education
1862,1862,10,23,0,18,145,pharmaceutical
1863,1863,14,14,2,29,182,education
1864,1864,19,21,7,26,94,realestate
1865,1865,14,10,3,28,190,retail
1866,1866,4,10,2,27,171,retail
1867,1867,19,23,8,10,77,pharmaceutical
1868,1868,7,17,7,3,137,retail
1869,1869,16,25,7,15,148,software
1870,1870,12,25,8,4,82,pharmaceutical
1871,1871,10,19,1,12,136,pharmaceutical
1872,1872,13,25,6,17,103,realestate
1873,1873,13,6,1,20,102,pharmaceutical
1874,1874,14,21,0,11,181,retail
1875,1875,17,12,0,24,195,financial
1876,1876,5,6,5,24,129,software
1877,1877,4,2,5,10,181,financial
1878,1878,3,2,3,20,197,realestate
1879,1879,3,25,7,25,216,education
1880,1880,0,2,2,7,120,financial
1881,1881,12,29,8,23,110,retail
1882,1882,0,12,2,14,120,financial
1883,1883,19,11,9,16,95,realestate
1884,1884,14,13,0,22,183,pharmaceutical
1885,1885,1,22,7,22,177,pharmaceutical
1886,1886,17,4,6,21,183,education
1887,1887,9,14,1,3,72,pharmaceutical
1888,1888,2,24,6,21,208,financial
1889,1889,12,10,9,0,105,education
1890,1890,3,25,0,23,202,retail
1891,1891,16,4,8,19,152,pharmaceutical
1892,1892,1,24,2,27,229,realestate
1893,1893,11,10,4,18,104,retail
1894,1894,9,25,5,27,69,pharmaceutical
1895,1895,0,15,4,29,120,pharmaceutical
1896,1896,13,9,2,17,128,software
1897,1897,12,17,1,1,78,software
1898,1898,14,17,4,29,189,realestate
1899,1899,10,26,4,1,88,retail
1900,1900,3,27,1,10,175,realestate
1901,1901,17,23,9,18,186,realestate
1902,1902,1,6,9,16,165,realestate
1903,1903,7,11,8,13,134,financial
1904,1904,9,11,6,8,93,retail
1905,1905,19,29,3,19,72,retail
1906,1906,15,9,5,8,200,software
1907,1907,1,19,6,28,202,financial
1908,1908,17,29,0,4,186,education
1909,1909,7,4,3,13,135,realestate
1910,1910,13,17,9,5,132,financial
1911,1911,2,15,7,5,210,software
1912,1912,0,15,2,6,123,software
1913,1913,8,14,4,2,189,education
1914,1914,18,4,8,5,64,pharmaceutical
1915,1915,15,23,0,0,213,retail
1916,1916,2,26,2,16,208,software
1917,1917,6,26,5,26,56,financial
1918,1918,19,10,0,11,90,realestate
1919,1919,19,18,5,15,113,software
1920,1920,15,19,2,26,206,financial
1921,1921,8,0,5,13,149,pharmaceutical
1922,1922,19,13,6,22,97,education
1923,1923,9,17,6,7,66,realestate
1924,1924,12,6,9,28,88,retail
1925,1925,15,15,6,7,178,education
1926,1926,3,28,5,1,180,pharmaceutical
1927,1927,8,4,4,18,125,pharmaceutical
1928,1928,15,27,7,7,184,financial
1929,1929,7,11,0,6,159,realestate
1930,1930,2,21,3,23,214,education
1931,1931,8,25,7,22,172,education
1932,1932,5,2,6,18,104,education
1933,1933,12,27,6,29,106,retail
1934,1934,18,1,6,22,64,software
1935,1935,14,23,3,19,185,realestate
1936,1936,10,6,3,21,116,financial
1937,1937,1,21,9,9,219,financial
1938,1938,2,27,4,16,205,education
1939,1939,1,16,7,10,155,education
1940,1940,4,6,9,29,191,pharmaceutical
1941,1941,16,12,4,14,159,software
1942,1942,12,0,1,7,105,software
1943,1943,7,12,9,25,126,software
1944,1944,17,15,0,27,190,education
1945,1945,15,17,8,15,190,education
1946,1946,16,23,3,4,148,software
1947,1947,10,27,0,19,89,realestate
1948,1948,7,25,0,12,129,retail
1949,1949,18,23,4,4,92,retail
1950,1950,0,26,5,13,122,realestate
1951,1951,5,14,7,21,138,software
1952,1952,1,1,6,19,191,software
1953,1953,19,1,5,3,106,realestate
1954,1954,6,6,8,25,82,education
1955,1955,19,3,1,2,99,retail
1956,1956,19,0,0,14,109,financial
1957,1957,10,1,1,18,142,financial
1958,1958,0,17,9,15,123,pharmaceutical
1959,1959,12,21,8,12,100,pharmaceutical
1960,1960,0,5,1,26,122,software
1961,1961,14,1,5,23,181,retail
1962,1962,15,18,3,20,215,retail
1963,1963,2,24,8,8,211,pharmaceutical
1964,1964,17,29,9,4,204,education
1965,1965,11,13,3,26,96,financial
1966,1966,3,21,3,17,165,software
1967,1967,0,13,2,1,119,pharmaceutical
1968,1968,7,22,8,20,119,realestate
1969,1969,17,18,2,2,194,software
1970,1970,7,22,5,1,153,retail
1971,1971,6,27,1,24,52,retail
1972,1972,17,1,1,7,191,pharmaceutical
1973,1973,7,16,6,8,151,retail
1974,1974,16,28,0,21,157,financial
1975,1975,12,8,5,13,99,realestate
1976,1976,15,7,0,0,219,financial
1977,1977,3,22,3,5,187,software
1978,1978,9,13,6,23,81,software
1979,1979,1,18,1,3,211,software
1980,1980,3,2,2,19,195,pharmaceutical
1981,1981,1,20,2,6,225,pharmaceutical
1982,1982,10,8,6,14,101,pharmaceutical
1983,1983,15,11,0,6,209,retail
1984,1984,1,16,9,9,173,software
1985,1985,16,21,4,15,154,retail
1986,1986,15,28,5,15,203,financial
1987,1987,14,17,4,0,183,education
1988,1988,8,17,3,0,135,retail
1989,1989,13,25,6,0,103,retail
1990,1990,0,10,9,4,119,retail
1991,1991,18,17,7,13,93,pharmaceutical
1992,1992,0,26,1,2,121,pharmaceutical
1993,1993,14,25,4,3,189,education
1994,1994,13,17,9,2,87,pharmaceutical
1995,1995,6,4,5,23,65,financial
1996,1996,7,21,4,23,127,software
1997,1997,18,20,0,2,91,financial
1998,1998,0,7,0,10,121,retail
1999,1999,19,27,3,23,116,retail
